code,qr_link
8M-ZYH6Z,https://t.me/luchbarbot?start=promo_8M-ZYH6Z
8M-YO8YC,https://t.me/luchbarbot?start=promo_8M-YO8YC
8M-2TFF2,https://t.me/luchbarbot?start=promo_8M-2TFF2
8M-YDOTJ,https://t.me/luchbarbot?start=promo_8M-YDOTJ
8M-0QTMY,https://t.me/luchbarbot?start=promo_8M-0QTMY
8M-7INF6,https://t.me/luchbarbot?start=promo_8M-7INF6
8M-9G313,https://t.me/luchbarbot?start=promo_8M-9G313
8M-Z7XZG,https://t.me/luchbarbot?start=promo_8M-Z7XZG
8M-H18K4,https://t.me/luchbarbot?start=promo_8M-H18K4
8M-4IK0N,https://t.me/luchbarbot?start=promo_8M-4IK0N
8M-RMMJA,https://t.me/luchbarbot?start=promo_8M-RMMJA
8M-XPK8J,https://t.me/luchbarbot?start=promo_8M-XPK8J
8M-JMB56,https://t.me/luchbarbot?start=promo_8M-JMB56
8M-56DTC,https://t.me/luchbarbot?start=promo_8M-56DTC
8M-LDKFX,https://t.me/luchbarbot?start=promo_8M-LDKFX
8M-8Z6T2,https://t.me/luchbarbot?start=promo_8M-8Z6T2
8M-85IJP,https://t.me/luchbarbot?start=promo_8M-85IJP
8M-XHHZQ,https://t.me/luchbarbot?start=promo_8M-XHHZQ
8M-AX4DT,https://t.me/luchbarbot?start=promo_8M-AX4DT
8M-2S0YK,https://t.me/luchbarbot?start=promo_8M-2S0YK
8M-OOX37,https://t.me/luchbarbot?start=promo_8M-OOX37
8M-RPTD6,https://t.me/luchbarbot?start=promo_8M-RPTD6
8M-8606K,https://t.me/luchbarbot?start=promo_8M-8606K
8M-B2GW3,https://t.me/luchbarbot?start=promo_8M-B2GW3
8M-PMZCU,https://t.me/luchbarbot?start=promo_8M-PMZCU
8M-UDE6J,https://t.me/luchbarbot?start=promo_8M-UDE6J
8M-UC09O,https://t.me/luchbarbot?start=promo_8M-UC09O
8M-ECOEJ,https://t.me/luchbarbot?start=promo_8M-ECOEJ
8M-U5W0S,https://t.me/luchbarbot?start=promo_8M-U5W0S
8M-ZYTP4,https://t.me/luchbarbot?start=promo_8M-ZYTP4
8M-6OS41,https://t.me/luchbarbot?start=promo_8M-6OS41
8M-KG8CJ,https://t.me/luchbarbot?start=promo_8M-KG8CJ
8M-RSQ56,https://t.me/luchbarbot?start=promo_8M-RSQ56
8M-OZW2Z,https://t.me/luchbarbot?start=promo_8M-OZW2Z
8M-Y32VP,https://t.me/luchbarbot?start=promo_8M-Y32VP
8M-DVA6T,https://t.me/luchbarbot?start=promo_8M-DVA6T
8M-1FMDS,https://t.me/luchbarbot?start=promo_8M-1FMDS
8M-WM07S,https://t.me/luchbarbot?start=promo_8M-WM07S
8M-38WOI,https://t.me/luchbarbot?start=promo_8M-38WOI
8M-04ZFX,https://t.me/luchbarbot?start=promo_8M-04ZFX
8M-05A2P,https://t.me/luchbarbot?start=promo_8M-05A2P
8M-CKHMI,https://t.me/luchbarbot?start=promo_8M-CKHMI
8M-4RK47,https://t.me/luchbarbot?start=promo_8M-4RK47
8M-UUG8B,https://t.me/luchbarbot?start=promo_8M-UUG8B
8M-YJBAN,https://t.me/luchbarbot?start=promo_8M-YJBAN
8M-RL60K,https://t.me/luchbarbot?start=promo_8M-RL60K
8M-J6WHH,https://t.me/luchbarbot?start=promo_8M-J6WHH
8M-6M7NW,https://t.me/luchbarbot?start=promo_8M-6M7NW
8M-R32YV,https://t.me/luchbarbot?start=promo_8M-R32YV
8M-IUO7F,https://t.me/luchbarbot?start=promo_8M-IUO7F
8M-RGXWB,https://t.me/luchbarbot?start=promo_8M-RGXWB
8M-SPCDA,https://t.me/luchbarbot?start=promo_8M-SPCDA
8M-59XX8,https://t.me/luchbarbot?start=promo_8M-59XX8
8M-RM3U2,https://t.me/luchbarbot?start=promo_8M-RM3U2
8M-BSFIP,https://t.me/luchbarbot?start=promo_8M-BSFIP
8M-428WY,https://t.me/luchbarbot?start=promo_8M-428WY
8M-AQI30,https://t.me/luchbarbot?start=promo_8M-AQI30
8M-YYIZ8,https://t.me/luchbarbot?start=promo_8M-YYIZ8
8M-2LU8E,https://t.me/luchbarbot?start=promo_8M-2LU8E
8M-1ASDP,https://t.me/luchbarbot?start=promo_8M-1ASDP
8M-DVUNN,https://t.me/luchbarbot?start=promo_8M-DVUNN
8M-KRTDY,https://t.me/luchbarbot?start=promo_8M-KRTDY
8M-JEKJD,https://t.me/luchbarbot?start=promo_8M-JEKJD
8M-V4U5O,https://t.me/luchbarbot?start=promo_8M-V4U5O
8M-8JAC7,https://t.me/luchbarbot?start=promo_8M-8JAC7
8M-10W04,https://t.me/luchbarbot?start=promo_8M-10W04
8M-A33DU,https://t.me/luchbarbot?start=promo_8M-A33DU
8M-BAW7J,https://t.me/luchbarbot?start=promo_8M-BAW7J
8M-EIEG1,https://t.me/luchbarbot?start=promo_8M-EIEG1
8M-OZYIC,https://t.me/luchbarbot?start=promo_8M-OZYIC
8M-5B5QB,https://t.me/luchbarbot?start=promo_8M-5B5QB
8M-23J88,https://t.me/luchbarbot?start=promo_8M-23J88
8M-MGMBP,https://t.me/luchbarbot?start=promo_8M-MGMBP
8M-36NB1,https://t.me/luchbarbot?start=promo_8M-36NB1
8M-G78DF,https://t.me/luchbarbot?start=promo_8M-G78DF
8M-PXNTH,https://t.me/luchbarbot?start=promo_8M-PXNTH
8M-OSDBJ,https://t.me/luchbarbot?start=promo_8M-OSDBJ
8M-5TC0A,https://t.me/luchbarbot?start=promo_8M-5TC0A
8M-F0ENL,https://t.me/luchbarbot?start=promo_8M-F0ENL
8M-VLSSR,https://t.me/luchbarbot?start=promo_8M-VLSSR
8M-FE0ZY,https://t.me/luchbarbot?start=promo_8M-FE0ZY
8M-XV0LZ,https://t.me/luchbarbot?start=promo_8M-XV0LZ
8M-SCVIS,https://t.me/luchbarbot?start=promo_8M-SCVIS
8M-9Z65K,https://t.me/luchbarbot?start=promo_8M-9Z65K
8M-4DH22,https://t.me/luchbarbot?start=promo_8M-4DH22
8M-V0MQU,https://t.me/luchbarbot?start=promo_8M-V0MQU
8M-A9QA7,https://t.me/luchbarbot?start=promo_8M-A9QA7
8M-S2S2X,https://t.me/luchbarbot?start=promo_8M-S2S2X
8M-ZKG8O,https://t.me/luchbarbot?start=promo_8M-ZKG8O
8M-0J9KT,https://t.me/luchbarbot?start=promo_8M-0J9KT
8M-XNC0B,https://t.me/luchbarbot?start=promo_8M-XNC0B
8M-6G4FO,https://t.me/luchbarbot?start=promo_8M-6G4FO
8M-K9I91,https://t.me/luchbarbot?start=promo_8M-K9I91
8M-N1LGN,https://t.me/luchbarbot?start=promo_8M-N1LGN
8M-E8BI4,https://t.me/luchbarbot?start=promo_8M-E8BI4
8M-V7GSK,https://t.me/luchbarbot?start=promo_8M-V7GSK
8M-L9LKS,https://t.me/luchbarbot?start=promo_8M-L9LKS
8M-9I3RJ,https://t.me/luchbarbot?start=promo_8M-9I3RJ
8M-1ANKR,https://t.me/luchbarbot?start=promo_8M-1ANKR
8M-1HZGG,https://t.me/luchbarbot?start=promo_8M-1HZGG
8M-KLDEP,https://t.me/luchbarbot?start=promo_8M-KLDEP
8M-QDRTM,https://t.me/luchbarbot?start=promo_8M-QDRTM
8M-6XKRW,https://t.me/luchbarbot?start=promo_8M-6XKRW
8M-1Z3NL,https://t.me/luchbarbot?start=promo_8M-1Z3NL
8M-821LG,https://t.me/luchbarbot?start=promo_8M-821LG
8M-L1DHF,https://t.me/luchbarbot?start=promo_8M-L1DHF
8M-2OZVR,https://t.me/luchbarbot?start=promo_8M-2OZVR
8M-9W30C,https://t.me/luchbarbot?start=promo_8M-9W30C
8M-9SECP,https://t.me/luchbarbot?start=promo_8M-9SECP
8M-CO0O6,https://t.me/luchbarbot?start=promo_8M-CO0O6
8M-H4J3M,https://t.me/luchbarbot?start=promo_8M-H4J3M
8M-KDVJA,https://t.me/luchbarbot?start=promo_8M-KDVJA
8M-3TGOD,https://t.me/luchbarbot?start=promo_8M-3TGOD
8M-EFPFQ,https://t.me/luchbarbot?start=promo_8M-EFPFQ
8M-V9DC8,https://t.me/luchbarbot?start=promo_8M-V9DC8
8M-PZ5F8,https://t.me/luchbarbot?start=promo_8M-PZ5F8
8M-9BMZC,https://t.me/luchbarbot?start=promo_8M-9BMZC
8M-X4E8D,https://t.me/luchbarbot?start=promo_8M-X4E8D
8M-W076E,https://t.me/luchbarbot?start=promo_8M-W076E
8M-O7WK8,https://t.me/luchbarbot?start=promo_8M-O7WK8
8M-PLEJ3,https://t.me/luchbarbot?start=promo_8M-PLEJ3
8M-BHTQO,https://t.me/luchbarbot?start=promo_8M-BHTQO
8M-7W38T,https://t.me/luchbarbot?start=promo_8M-7W38T
8M-E77I2,https://t.me/luchbarbot?start=promo_8M-E77I2
8M-EF17D,https://t.me/luchbarbot?start=promo_8M-EF17D
8M-QVC49,https://t.me/luchbarbot?start=promo_8M-QVC49
8M-3HA7Q,https://t.me/luchbarbot?start=promo_8M-3HA7Q
8M-VDYXT,https://t.me/luchbarbot?start=promo_8M-VDYXT
8M-C5VCB,https://t.me/luchbarbot?start=promo_8M-C5VCB
8M-PCXL4,https://t.me/luchbarbot?start=promo_8M-PCXL4
8M-XNR0E,https://t.me/luchbarbot?start=promo_8M-XNR0E
8M-8I9T9,https://t.me/luchbarbot?start=promo_8M-8I9T9
8M-V4WPI,https://t.me/luchbarbot?start=promo_8M-V4WPI
8M-AB7AR,https://t.me/luchbarbot?start=promo_8M-AB7AR
8M-IU6M1,https://t.me/luchbarbot?start=promo_8M-IU6M1
8M-19V3O,https://t.me/luchbarbot?start=promo_8M-19V3O
8M-HKZ6F,https://t.me/luchbarbot?start=promo_8M-HKZ6F
8M-GX4I7,https://t.me/luchbarbot?start=promo_8M-GX4I7
8M-LTJN6,https://t.me/luchbarbot?start=promo_8M-LTJN6
8M-B1RR3,https://t.me/luchbarbot?start=promo_8M-B1RR3
8M-TN0TZ,https://t.me/luchbarbot?start=promo_8M-TN0TZ
8M-00X2Q,https://t.me/luchbarbot?start=promo_8M-00X2Q
8M-APDXS,https://t.me/luchbarbot?start=promo_8M-APDXS
8M-JV4PV,https://t.me/luchbarbot?start=promo_8M-JV4PV
8M-X8WY7,https://t.me/luchbarbot?start=promo_8M-X8WY7
8M-HDEHX,https://t.me/luchbarbot?start=promo_8M-HDEHX
8M-QKU95,https://t.me/luchbarbot?start=promo_8M-QKU95
8M-R5YZ8,https://t.me/luchbarbot?start=promo_8M-R5YZ8
8M-JAFNV,https://t.me/luchbarbot?start=promo_8M-JAFNV
8M-CZBMI,https://t.me/luchbarbot?start=promo_8M-CZBMI
8M-M52D3,https://t.me/luchbarbot?start=promo_8M-M52D3
8M-XNMYS,https://t.me/luchbarbot?start=promo_8M-XNMYS
8M-0FMJP,https://t.me/luchbarbot?start=promo_8M-0FMJP
8M-DKNW3,https://t.me/luchbarbot?start=promo_8M-DKNW3
8M-7RZEZ,https://t.me/luchbarbot?start=promo_8M-7RZEZ
8M-1MJL1,https://t.me/luchbarbot?start=promo_8M-1MJL1
8M-E37DV,https://t.me/luchbarbot?start=promo_8M-E37DV
8M-N7UNT,https://t.me/luchbarbot?start=promo_8M-N7UNT
8M-X7BUA,https://t.me/luchbarbot?start=promo_8M-X7BUA
8M-I9ZOU,https://t.me/luchbarbot?start=promo_8M-I9ZOU
8M-QGM1I,https://t.me/luchbarbot?start=promo_8M-QGM1I
8M-PR3P8,https://t.me/luchbarbot?start=promo_8M-PR3P8
8M-SEOOQ,https://t.me/luchbarbot?start=promo_8M-SEOOQ
8M-QWDJI,https://t.me/luchbarbot?start=promo_8M-QWDJI
8M-M79NC,https://t.me/luchbarbot?start=promo_8M-M79NC
8M-43Z20,https://t.me/luchbarbot?start=promo_8M-43Z20
8M-N5UPF,https://t.me/luchbarbot?start=promo_8M-N5UPF
8M-LPC0W,https://t.me/luchbarbot?start=promo_8M-LPC0W
8M-MKOBC,https://t.me/luchbarbot?start=promo_8M-MKOBC
8M-FXHNR,https://t.me/luchbarbot?start=promo_8M-FXHNR
8M-2B0AH,https://t.me/luchbarbot?start=promo_8M-2B0AH
8M-XIXQ1,https://t.me/luchbarbot?start=promo_8M-XIXQ1
8M-N2NXK,https://t.me/luchbarbot?start=promo_8M-N2NXK
8M-HHTOF,https://t.me/luchbarbot?start=promo_8M-HHTOF
8M-NKT3T,https://t.me/luchbarbot?start=promo_8M-NKT3T
8M-UST94,https://t.me/luchbarbot?start=promo_8M-UST94
8M-STZT2,https://t.me/luchbarbot?start=promo_8M-STZT2
8M-VWRIJ,https://t.me/luchbarbot?start=promo_8M-VWRIJ
8M-3CR1R,https://t.me/luchbarbot?start=promo_8M-3CR1R
8M-JTLSZ,https://t.me/luchbarbot?start=promo_8M-JTLSZ
8M-1KRPF,https://t.me/luchbarbot?start=promo_8M-1KRPF
8M-RNR4C,https://t.me/luchbarbot?start=promo_8M-RNR4C
8M-FYBHN,https://t.me/luchbarbot?start=promo_8M-FYBHN
8M-R9KWB,https://t.me/luchbarbot?start=promo_8M-R9KWB
8M-32CQZ,https://t.me/luchbarbot?start=promo_8M-32CQZ
8M-6XM88,https://t.me/luchbarbot?start=promo_8M-6XM88
8M-I6FV6,https://t.me/luchbarbot?start=promo_8M-I6FV6
8M-AO7QN,https://t.me/luchbarbot?start=promo_8M-AO7QN
8M-1NFXM,https://t.me/luchbarbot?start=promo_8M-1NFXM
8M-58SSA,https://t.me/luchbarbot?start=promo_8M-58SSA
8M-1SMGN,https://t.me/luchbarbot?start=promo_8M-1SMGN
8M-VAELW,https://t.me/luchbarbot?start=promo_8M-VAELW
8M-N4WIO,https://t.me/luchbarbot?start=promo_8M-N4WIO
8M-BGEL5,https://t.me/luchbarbot?start=promo_8M-BGEL5
8M-FE3A1,https://t.me/luchbarbot?start=promo_8M-FE3A1
8M-6MF2A,https://t.me/luchbarbot?start=promo_8M-6MF2A
8M-8VYY5,https://t.me/luchbarbot?start=promo_8M-8VYY5
8M-AV5PE,https://t.me/luchbarbot?start=promo_8M-AV5PE
8M-28P03,https://t.me/luchbarbot?start=promo_8M-28P03
8M-M0VME,https://t.me/luchbarbot?start=promo_8M-M0VME
